DOMINIO,01-2018,02-2018,03-2018,04-2018,05-2018,06-2018,07-2018,08-2018,09-2018,10-2018,11-2018,12-2018,01-2019,02-2019,03-2019,04-2019,05-2019,06-2019,07-2019,08-2019,09-2019,10-2019,11-2019,12-2019,01-2020,02-2020,03-2020,04-2020,05-2020,06-2020,07-2020,08-2020,09-2020,10-2020,11-2020,12-2020,01-2021,02-2021,03-2021,04-2021,05-2021,06-2021,07-2021,08-2021,09-2021,10-2021,11-2021,12-2021,01-2022,02-2022,03-2022,04-2022,05-2022,06-2022,07-2022,08-2022,09-2022,10-2022,11-2022,12-2022,01-2023,02-2023,03-2023,04-2023,05-2023,06-2023,07-2023,08-2023,09-2023,10-2023,11-2023,12-2023,01-2024,02-2024
SPNF,97.09640831,93.74389021,98.87828797,99.30641782,101.9739916,98.70779174,100.3893349,102.297811,95.64241449,100.2363174,101.3890352,110.3382992,98.11824959,94.08113341,98.77582609,96.15744305,100.9115008,98.12249901,102.0801653,102.2556191,98.08560658,102.3749172,104.3330565,113.6675674,96.05854687,91.92551855,93.1107008,72.7480134,72.30343761,73.09857161,78.27186589,81.47305321,83.75798649,86.3043869,91.20493169,100.4182661,82.34945754,82.43814862,89.41357833,86.42217595,88.75438303,91.65349892,90.33822129,87.03383378,84.4337105,87.46664173,90.57152362,93.63060254,84.91717943,83.14031747,92.33209494,88.29533944,91.04280713,91.14016065,92.74991882,93.92159168,90.35975792,95.088358,96.27848141,103.5678322,90.80381799,88.63158715,94.98002311,91.27919793,95.08771987,94.57876827,94.27625378,95.08423419,93.42568713,95.54593136,98.09826145,106.0438838,92.89378727,93.20235455
48-49,101.2438494,91.50419324,98.51031596,101.1328787,100.9318918,99.30277499,105.2445127,104.2781496,96.91663781,101.1303417,100.2381865,99.56626756,100.9600668,92.27499869,98.38359494,97.97354706,101.5995946,96.98139304,102.3446333,104.0612217,96.44876333,100.4329609,96.45070439,98.34904952,100.71012,91.53827783,91.9347921,76.31288319,66.82527529,70.65567237,76.77310203,77.15105617,79.20929151,84.85446888,86.13507168,88.3609582,88.81181175,79.68322537,86.90899382,88.38133649,89.45167211,90.9117278,95.66111316,93.86578624,91.55156244,96.06401085,95.29236335,97.1287856,95.33913461,89.97734342,97.95753297,94.78985019,96.13800082,98.59828777,102.3989123,107.5425249,96.14165361,98.76279693,95.77754477,99.28457811,96.64826822,89.63267699,97.11376048,93.63507862,97.00366074,95.69152891,95.02684731,96.35593451,95.56938397,94.2299438,94.20545149,95.17779034,98.85399618,93.08983546
4811,125.4612547,96.05835823,100.6181857,119.0248276,100.6847488,97.2889369,103.8129394,110.2866878,91.98168517,86.81940417,92.35662494,75.6063466,110.9143315,89.53168876,94.62541387,94.24938768,104.8160287,96.80407752,96.11098514,123.1975963,107.8611216,105.0852477,102.1054264,90.97878514,128.1461943,110.9733527,103.3834931,80.0798607,46.07087264,50.58101441,60.83533213,67.06342217,73.01877345,74.72001123,88.1940236,79.69745443,104.053202,73.21382212,57.00741057,78.2637943,75.35838008,69.80424803,88.01448552,90.78523426,81.66017625,78.53875955,83.10179764,79.02327288,119.3020856,92.52515239,75.09744366,78.09015104,81.09546285,87.06649967,89.8190102,95.99150466,75.61540992,81.6941167,81.17520768,89.07073603,100.816843,75.5345806,74.34055012,94.29789215,90.38460883,85.91467219,87.24376114,89.57232951,72.90957365,76.04496142,77.1111744,71.17569925,88.77287118,70.19436941
4812,123.016073,91.57680187,98.04805523,122.1078953,96.08016393,99.6603363,112.5038604,108.2140436,90.06716038,89.64352238,92.84074558,76.24134192,109.1532377,91.05431284,94.20244508,89.0155048,101.4815227,91.24277789,107.3148642,116.7987156,97.67082537,101.3571597,94.96819018,87.94312795,119.3487897,92.68288684,81.99724972,39.13069822,30.45892829,39.32618195,45.356335,48.6318479,53.45444873,55.34591388,67.56481696,75.38352348,78.61068279,54.02888697,56.24763288,65.04995365,66.44012898,61.09595484,78.63429189,80.85445704,69.79132248,70.59913474,76.516947,74.43662156,102.0428776,101.7801019,70.33095807,68.00237005,77.41031803,70.93657709,59.43339317,71.67377139,74.22440739,77.10402423,69.68833073,66.02114349,87.55800793,78.1856712,69.40534379,86.33322462,75.82185776,75.83496064,66.12684958,59.77145712,79.47222996,56.62216774,51.79333941,52.35377402,55.14880045,58.78660723
4821,92.42587196,84.595616,96.75836112,97.80193903,107.2293548,107.9608739,100.5633202,100.6451552,97.8886225,104.349848,107.4212178,102.3598195,88.1274708,88.85014899,104.0332751,98.53839591,109.9818772,107.6711982,107.7559448,110.9033262,102.1050288,104.284058,103.0605558,100.292805,96.95054563,100.2387445,115.8202139,92.35875641,82.46414009,93.95328853,101.1901723,106.725692,97.29918171,100.0370204,95.19291898,93.54961598,94.20364715,85.86015429,107.6206673,99.87258193,107.7979764,101.7862822,104.8176218,101.6643432,96.26443545,98.95741537,104.2615091,100.5774332,102.2223449,99.30528728,110.3124076,107.8084881,105.015015,105.1926203,110.4932415,107.3118719,108.699533,106.7966958,105.4992514,105.7405398,114.1642239,105.7079887,107.066809,107.6150724,111.5775404,107.2943632,101.5758624,104.7633625,103.1690757,111.4390018,103.7081651,105.3837936,108.9909522,109.7483521
4841,95.31446889,91.81289176,99.94365355,97.83979638,100.4292517,98.87900099,100.3114704,103.4409184,100.1932966,106.1273166,104.1494501,101.5584846,105.2603789,100.9168253,104.4399567,104.9492909,105.9375451,99.70712244,105.7978966,102.3400687,98.84468673,106.0012548,101.2817506,100.4770177,98.70844801,94.57383513,101.1703075,86.18903525,79.21495973,86.04443955,90.88706549,90.82593557,91.34294367,98.54875446,97.90101369,100.040229,94.45968024,90.57856321,104.685528,102.3250447,97.65190306,100.843992,99.71891388,98.33525577,97.41247383,102.2584002,99.83198311,102.0803874,89.67553664,92.95578352,107.061153,103.5981818,104.1562876,112.2187434,115.165477,112.5262242,110.1910771,108.1227399,107.7280907,109.7482906,92.51667284,87.83213917,99.40841779,90.91366602,99.9210139,98.61771471,98.70831826,99.1738781,96.79910491,93.43405133,97.48671922,96.53900436,92.73049146,94.94923102
4842,96.1632148,93.25340932,99.4125817,99.52583072,102.1144447,102.376145,104.1165818,103.1691835,95.68753266,102.9138625,99.54444402,101.7227692,106.9099824,101.9369261,107.0678625,105.5140631,106.5816036,99.49268421,106.6640058,106.9219974,100.1607375,106.832106,101.470126,105.9945918,104.1445717,99.05571509,99.97547132,83.73143914,80.63993601,82.3685427,89.99815259,87.61927146,94.09593829,100.3977778,96.67630728,98.91120233,93.75726251,89.42535217,103.810687,99.92796075,97.51110623,101.8603636,99.68368087,98.54017906,100.1639901,103.4099784,91.53149534,94.80825107,91.40239195,90.76620505,105.9596231,104.0475532,107.6936298,108.0925437,112.1381183,108.9000693,106.8650999,110.3662693,111.9979204,114.5455889,102.5024132,98.56421814,112.5568768,106.4835742,115.563946,113.2672535,104.7878456,115.5089321,122.2002723,115.7463293,113.5725756,118.7560399,109.1506677,117.9802851
4851,97.39975932,94.52307147,99.7083864,98.9163637,102.699875,100.3569602,99.67204158,103.9562324,102.1467099,105.9513754,100.4019351,94.26728954,102.5358931,98.85671668,106.0651485,100.2220268,106.9682035,100.6834637,100.8337777,105.1198373,101.9198264,107.3421302,102.7238374,96.03497103,92.37512755,91.07934747,83.56969868,56.04524396,59.33537098,65.31326605,71.33685025,67.87001787,72.06019642,80.36985828,73.86389459,74.84418804,66.46781464,62.91257867,70.3606692,65.34517752,72.18877323,73.64713849,75.30338702,72.76173874,73.29360804,75.84240547,74.55311973,74.48717413,57.32575509,58.96032225,64.91047791,60.24254036,67.64467446,63.02834585,65.35844071,70.604131,64.03925212,68.57808818,68.45820973,66.86586269,66.39355242,63.81381631,69.20972469,67.925676,68.93546264,67.91238392,68.319328,69.07173941,69.87728502,69.97318311,70.03685019,70.88690683,69.06457109,69.57323885
4852,95.11780733,83.9450786,101.7055586,97.17094263,96.49679598,96.80393163,119.5979418,106.9028993,90.78098997,93.89808589,95.93495805,121.6450102,96.7793369,82.46063156,93.30046367,102.7879162,97.36890438,98.44787141,114.0335766,105.9368772,89.68285328,92.65137575,92.5697053,114.6861107,92.1555744,79.2785186,69.50415667,35.63020238,37.14484364,41.96211617,46.86356833,50.56463321,52.59510127,53.53670908,53.82904724,66.2562336,50.1659436,45.42133228,55.59346593,59.23569206,63.25586619,60.98378864,68.26065683,63.30243225,57.92977237,65.46699436,66.9411117,80.50290973,66.41361792,63.04468541,82.18875236,86.90035005,87.30101194,80.6676221,87.05266343,89.73129204,75.07346214,84.48027412,80.2025,110.79757,79.87876671,71.15603007,83.29543764,86.11562083,77.69474691,75.06335792,86.69122198,84.35221239,79.50261087,82.84064428,82.43059275,97.94772726,100.6158881,90.17742897
4854,97.31219615,94.63789714,99.20447802,99.70457867,102.7450567,99.25767948,99.04171886,102.6792038,101.1840799,105.0060973,100.7477464,98.47926751,101.2860172,96.92440124,104.0098359,99.37273011,104.7209907,98.4578531,98.44438811,102.9767303,101.1306631,107.2487058,103.4773604,95.31835471,92.78119641,91.1688275,80.70030065,55.1861256,54.97301072,61.39005666,70.43524344,66.09863874,67.97655856,76.65220244,72.56562586,74.62013682,65.61923857,64.81623846,72.54187965,69.92038205,72.93900136,73.66690032,76.1163059,73.90467387,75.2679419,75.16437684,77.33519976,79.2994468,79.89307853,74.83487215,94.79760388,76.00621983,97.86159277,91.63409967,96.55645027,98.48090836,95.18614898,93.1510607,92.38581739,82.91753903,105.4067356,100.0151491,111.550141,95.77026724,102.036872,104.5186454,104.020141,104.5275406,104.0118383,104.5758941,97.82925177,112.6256584,100.7012975,109.7740576
4881,95.88078469,73.86841923,98.78817761,92.23250221,98.25162586,103.9581111,123.0961523,105.0449021,82.99206275,97.740115,107.5272558,120.6198913,98.02414644,78.41608486,86.46348816,96.64012238,93.83262968,101.6611596,127.3168048,109.0507869,84.13447444,86.47873286,100.2450512,120.2029864,101.8097753,74.09480901,63.38941411,42.96853708,43.12446639,44.24548471,32.05373662,34.54151796,39.2130207,44.99274343,50.7431862,61.23822397,47.6860181,32.96052052,47.54704394,55.54413653,69.14429968,78.639927,98.8879944,78.16370555,62.50417601,71.02474708,96.70176871,124.4276422,84.88092804,85.41182512,89.3480342,107.8500196,99.16841745,111.1381918,123.1280622,115.559283,112.438287,105.9420839,108.3179737,116.0749008,106.7476339,103.9796654,105.6770263,112.7372783,119.4962153,112.1982744,107.7216247,106.8541538,106.8826699,104.0217606,109.5973301,139.817283,124.3059547,119.6059415
4883,115.0784192,91.21005935,97.37367734,88.26814513,107.0979224,93.47873422,100.086529,96.34752488,91.11946359,101.9572354,98.19019026,119.7920992,111.8765525,102.2848525,100.8455435,98.14852394,102.5010316,98.06173116,97.72961031,96.89075207,94.30550593,93.59214187,90.52144256,130.8610206,93.12537049,86.80532552,91.78743358,94.7360906,77.2343226,80.66751292,69.03821297,74.85286417,76.8475883,91.66782413,107.0463869,99.47568729,94.30799559,85.6513594,92.01600174,87.39011798,92.76751466,98.7005525,116.3980252,110.9774604,133.901366,118.9804697,128.3733522,162.4887124,135.998033,127.315969,140.062735,130.75238,125.2625978,139.0480812,143.0380664,157.9401358,153.3550554,146.7634221,129.400237,142.7865672,150.8375474,132.9610327,131.4847928,134.051849,149.0505558,146.6857086,149.7240752,155.1563307,147.2294703,147.0041428,152.5669059,157.8494872,151.3311314,163.7097849
4884,99.53183506,84.18339221,103.3486743,98.08151217,97.3090921,96.18366789,117.582769,103.7610575,88.70053583,93.16372715,97.28787721,120.8658596,97.2519855,80.60959171,92.47665065,102.3172626,96.35875963,95.88481149,110.9894738,101.4850409,86.02538763,88.67600856,89.11771406,113.8339331,90.40002132,76.52632648,72.25942097,63.85001453,33.27996756,37.80055557,43.5832538,45.54353327,45.99577448,46.97881768,46.88545077,57.25814654,45.17845784,40.7478377,43.82683506,45.08744806,47.06845359,56.43961732,62.64493885,58.38425231,51.45163201,57.26930777,60.06345965,79.85201291,68.32711069,55.02879363,76.06707225,74.75975715,78.37307751,77.69952104,79.20444277,100.5926968,81.21871801,81.1121777,86.4006632,81.20353292,80.07997186,77.25790074,85.42646321,77.83405503,85.41883506,83.57212179,85.748192,81.76348225,92.92867842,92.44550772,90.74246938,96.22811929,96.85123131,95.07483474
4885,96.3194786,94.07952739,93.71785465,95.70139626,99.31398555,97.08803242,105.5356796,101.7125649,103.1760373,109.7552877,102.4441251,101.1560305,95.48966759,90.53852705,94.31891003,90.6987603,94.33752817,88.95231507,93.70239876,87.52852073,87.50280699,92.79603697,81.5119842,84.27243088,90.35383611,78.75665627,84.01856681,88.08741196,82.36700504,79.99395191,88.11449931,83.32625071,83.79724339,93.86827461,92.31200384,97.57826955,105.0137043,100.6812862,110.4466309,107.8600445,109.9048804,114.4953405,115.4542534,113.033172,113.8682438,124.9537238,115.7912484,110.6568685,105.3404826,102.6176837,113.2001892,105.2958091,101.4194359,105.9632004,112.7276596,127.6109995,103.8977113,107.7955596,94.18774012,90.063994,96.81426885,99.41749142,109.550732,89.02509057,95.25059893,97.72734823,95.5149002,93.99295788,93.65633262,96.89488397,94.34531884,89.53113513,101.0258608,85.76404795
4921,91.4591616,89.16473428,97.4225961,102.1794986,110.8205785,107.5876149,96.81747735,100.5983527,94.89135521,107.6694342,103.8124448,97.57675165,90.74970688,88.44210392,96.73607021,94.80154006,97.50446242,100.7499091,101.2843555,98.79408502,94.69795214,105.3862228,108.9045697,99.37369992,93.58327338,90.54615534,98.76990628,79.80292537,89.90208435,103.7681007,110.2204033,105.9031916,108.5332833,112.2663757,112.2160503,122.4616746,106.4731081,104.4823051,123.2500183,115.4847609,112.3353692,123.5602448,115.3735858,113.8812128,118.2211138,134.0110374,147.133688,143.5992175,123.23053,123.0446563,150.2048741,127.8499232,140.0952889,139.123157,123.9323166,134.1708829,131.6871093,138.1554995,148.5706688,149.5356479,145.2184505,135.1645135,149.2258347,128.5684005,149.5416323,151.1374273,133.0649745,136.4328089,139.0656468,147.7701746,155.1320174,145.6844703,147.3350732,138.6019102
4931,95.04215353,96.48293278,96.21131954,98.89087065,102.6716078,100.9637819,101.8641945,104.9105781,99.39830276,99.50608126,105.3035364,98.75464073,82.66788557,84.94392563,89.03077633,88.8988348,92.5399652,89.45142987,93.2341534,94.07262548,89.66286703,99.23602148,104.281727,98.71040022,94.72001381,91.29046745,103.2595862,95.54427937,95.30923733,94.38449296,95.15180905,97.52854086,99.10587508,99.45436584,101.842391,103.066105,94.01204504,95.21407633,106.783504,98.30289629,105.2589598,105.8787428,101.8989921,111.2185071,109.6009944,113.2287497,113.589681,110.1159062,99.71646498,104.85398,123.330698,101.106829,111.1723619,104.1376266,107.7842254,111.2303777,109.5192296,105.9758428,111.1358166,102.5891732,96.61182721,100.6404262,108.511153,99.89779939,87.33409012,91.74888929,99.37517386,106.0350254,166.6622109,92.42566816,96.42086393,96.00032792,104.3938679,107.9625893
51,92.9377437,89.45703099,94.74571904,95.82900237,106.5493302,99.54481634,103.5440925,102.8736809,96.53769433,99.18941317,102.9897812,115.8016951,98.65750441,87.05963678,97.68649334,93.62582997,96.18253633,95.75659467,106.8636681,105.2869475,102.4157275,101.6056149,104.7205465,111.3899682,95.16770719,88.84096602,108.3369062,91.12634832,97.11111413,94.48478488,99.65800721,96.00882029,102.4397875,96.84955984,106.1594782,124.6674217,91.56778627,94.67735599,92.57912568,95.5677843,98.32969284,102.0562277,102.3388262,97.78059274,104.5690115,102.4724915,118.6431878,112.6561275,117.425747,110.7111933,120.2781783,119.838331,124.5999887,123.7958461,122.5645688,124.5354123,126.4922664,134.1497047,136.4850327,144.3914964,127.6056839,125.5747575,132.6427466,135.4943039,137.5118933,134.8431088,135.5170917,135.8242923,137.6357346,138.4787468,140.5413596,145.2467341,134.4422189,133.4574833
5111,79.10895687,75.40366928,82.82358877,85.49366962,113.5566342,128.3075525,121.7965074,108.1841568,97.60918029,97.38619853,99.35726698,110.9726187,74.36428974,64.1500967,71.82506276,77.69662397,86.88238398,109.5349709,120.2293649,112.5167363,92.53392794,84.79678408,86.59600242,100.0805315,64.0702759,65.48872576,63.16542525,46.64392522,52.68964112,82.97765257,83.97075969,66.15990674,62.98634744,63.5929163,70.57787635,78.84266451,48.78637503,46.25028527,50.62532561,56.70950305,63.39838798,81.23031307,83.35763942,72.58598276,75.33110437,65.84767822,71.67050795,88.24471427,53.68002385,48.79335715,54.14202644,56.50617324,78.44346634,97.71629466,85.8260597,76.54414496,74.58041957,67.93072137,71.33058922,88.0576361,51.59664349,55.61798096,53.11014602,54.60043548,70.27373979,79.69878246,86.99902638,82.62570321,74.27219881,62.34514684,68.23940476,79.86083123,50.59306427,47.19251348
5121,89.47609879,79.87961684,84.15283534,102.3929179,124.737678,126.3895764,126.3640931,115.8172144,78.08130958,83.55190251,87.25418431,101.9025728,86.71973032,63.50574069,74.50037741,109.7688764,92.63414191,110.3429692,124.6848169,85.95689423,74.20993463,87.30739044,73.65100679,77.78040503,56.91655783,57.34414476,35.87501844,17.21078347,13.12169436,15.98774802,15.07950759,14.52154528,33.61655194,22.97234466,26.80644163,38.40821244,11.45172027,10.84488771,20.45729671,23.77536099,23.09042757,36.06497194,33.05410012,17.85631017,31.08322515,27.51465052,25.09075376,42.33623774,29.65360525,23.01858123,32.31195588,36.35990038,46.21113216,62.47543037,48.62882063,30.74716232,35.40298673,31.59018349,36.97228496,52.49549547,31.79856183,32.90884927,34.58209081,93.61835533,58.15594164,55.90657341,48.86626629,36.0027262,31.9788934,34.1934931,29.84055713,36.97498585,26.39282751,25.71275328
5151,64.4137485,63.72308781,100.313576,83.74427431,89.52147888,74.91854252,110.4035323,115.6527706,118.4634928,106.2011281,116.3800634,156.2643047,68.82522585,68.55912901,112.9733423,77.18019219,77.91728586,64.81236265,82.34966128,85.30040987,88.2674753,79.77103812,101.608554,147.2408673,61.32253961,64.73196474,66.54465097,58.31114629,62.14559066,62.55436448,62.5811017,64.8113692,66.63056082,73.52592851,94.79198267,129.64797,62.4598985,72.02106952,33.45971473,60.56995906,65.96239616,66.46731424,80.01583197,71.97053531,64.16892634,79.25929911,75.51716044,79.45854673,91.5983269,69.93718116,68.40095607,70.45554002,77.13819256,67.85325939,70.76837655,76.48812887,91.22446019,81.17852019,107.9436148,98.3675383,51.6206739,67.93390731,73.30416778,63.35576185,81.33271994,79.32342045,74.31141712,76.09695406,105.8901618,89.30889808,95.37491212,79.85169502,54.93505545,62.49249837
5173,97.16959152,94.38693283,95.92333181,96.90885513,105.7396021,97.34737337,98.83931605,99.71465829,96.2802666,100.6109401,103.6800389,113.3990933,104.9256873,93.47942477,100.1341134,94.40055404,98.90892462,97.05437519,107.017712,110.202267,108.4146233,107.1267021,110.1201957,112.4678851,105.4304295,96.95743398,124.9883833,104.6309602,114.1903759,108.9412519,115.8898263,111.7884727,117.696355,110.9655891,119.8418274,137.8779721,107.19385,110.9976976,110.5841269,111.1311697,112.805071,116.0342984,114.706402,112.484519,120.5736367,116.5190899,138.7612987,126.6672437,135.6633027,130.8086038,141.4521634,140.9010425,143.1762082,140.6327188,140.512785,145.8566799,146.0988514,158.1372947,157.1987115,165.6125316,153.7261988,148.7728198,156.9872869,154.5494784,158.4278511,155.2122876,157.5270358,159.6215095,159.0625142,162.8316969,164.289363,170.518115,162.9322142,160.8639961
5182,102.2501053,90.61853104,98.28049982,96.75659868,112.085717,108.7326706,106.3122098,93.75953151,95.14133082,93.36069951,99.86685609,102.8352498,98.28364056,83.87271571,96.91385343,90.39163639,108.139796,89.78855675,100.5751321,90.08574257,94.18489247,91.98828819,98.73524784,94.92388461,100.6122283,85.69849821,100.3679957,159.6332765,95.82197332,90.89388457,89.76961756,88.30534618,92.40152025,86.77083076,90.28604738,106.1684818,96.60349059,75.58633644,101.5680019,83.67719653,121.3782146,90.94383967,103.8102009,90.35146144,90.54013866,104.7441051,92.44936985,115.6726955,88.72796368,75.49067972,101.5556535,70.49701893,101.2499746,85.87998883,102.8860545,79.86733119,83.59653895,87.33892572,87.62423597,100.8510847,88.2275554,87.91101749,102.3815148,95.47580227,109.3840923,100.4185934,90.38151876,88.8918232,101.1048573,88.09631316,116.1083175,128.3385959,94.91719615,99.16215942
53,100.385049,101.9470482,104.4631972,107.7967162,100.6209189,99.08100545,103.2923667,100.8350752,92.48715275,97.60288905,91.53434745,99.95423386,100.8051294,96.82348315,99.62839776,96.1927632,94.48275091,100.8558463,100.9424274,94.91170882,97.68930984,93.23540668,100.2439901,101.723728,97.44252992,101.5268433,106.1126624,81.56300618,82.61016364,82.29315818,90.55231951,98.67164857,95.92327544,97.18038912,106.8496253,103.17951,111.9204032,117.1825676,115.4401262,112.8345934,112.8626259,115.9344985,117.8913709,123.0031804,126.1902719,124.4319743,112.8932452,116.092344,117.8297004,116.5013139,126.8940943,122.863647,123.8115317,131.1528012,133.6761571,134.7853007,134.0221123,139.4129724,143.0031234,155.7493907,140.016722,137.4003269,143.7752134,140.1724293,143.3509173,148.020204,141.617815,138.8888462,141.650671,147.9698221,146.6788304,170.4665754,142.5309388,142.8163943
5311,89.25822562,98.07732333,99.67613347,107.1985686,98.78450704,101.7875781,108.3691202,102.5636644,95.15359566,101.6540761,96.02389667,101.4533108,93.98945138,90.87105646,99.20511837,97.07140623,92.69707255,93.24308088,94.24327727,91.06555732,92.70967419,93.91178703,104.4001088,101.1976563,91.91580045,96.45259538,101.1293425,79.83659757,81.32370265,85.83934759,94.37428726,99.16701153,96.30814671,101.9512076,108.5385034,114.9165299,108.6506936,110.4582953,112.2005357,112.559921,118.1384752,126.2459107,120.6937791,127.402377,135.1211747,133.7393443,134.3125365,146.022464,123.5161672,126.1391617,138.2271733,135.5022834,136.4923803,142.5334265,145.2433208,147.7749167,143.9291325,154.418862,163.1531441,172.5872695,153.5552985,146.3039927,140.8894555,143.5662977,152.6533135,156.2624153,150.16411,155.34876,167.4537404,168.1793363,173.1213575,196.8347564,149.6117967,150.4276658
5312,90.91137912,99.7970744,103.5359576,108.5002803,106.1108407,103.8279978,105.9455972,101.6511611,87.71784523,95.03349854,90.26788635,106.7004816,93.22735628,89.8283549,102.264165,96.41009923,96.73732536,99.78282297,96.60548385,92.96721128,97.20507675,92.72188808,103.1878001,99.01505202,93.40546284,99.22355493,106.0945411,81.1687382,87.57282282,88.27721504,98.2024713,110.0883433,106.6977583,111.7254311,126.1579956,106.3584598,105.7758736,115.4960729,119.1177324,119.521834,126.7903394,125.8507621,123.0531619,135.9668426,143.7855177,143.600145,129.3559914,123.1377333,139.0519336,142.5743344,151.4627283,145.554329,147.8236214,158.8623041,159.4157383,151.3084167,162.2351594,167.5886677,172.7306029,191.9504941,155.6143928,157.1621541,168.608457,162.9906374,168.5796599,183.1352579,171.1121423,163.7849145,165.1034191,181.3953362,168.6916011,218.4032267,152.6214443,141.4224045
5313,88.79346275,98.63273882,101.052446,109.2994697,101.7458725,102.0823239,109.9213028,104.3979618,92.58918019,99.66900877,93.37949471,98.43673796,93.22146067,90.86156044,99.4249322,97.9257454,92.45588662,93.06256003,95.0591052,90.52166704,90.0737473,92.45424218,103.2624336,99.45770677,90.16699655,97.27522951,103.5911743,81.629701,82.44663082,89.21395679,98.95127627,103.1499939,98.12527932,105.175377,112.6965759,118.2085064,113.7437888,117.2295182,117.3534096,112.8241668,116.9851305,128.3103738,122.9699372,129.707348,136.3553969,137.912348,116.9076313,131.047509,121.867389,124.6004565,143.254824,138.3813575,132.432703,143.0267531,149.7651353,167.5347054,154.2466846,158.4313863,159.7880119,179.4303713,167.2604552,165.716946,177.1758841,163.4669106,158.7569721,154.7684822,156.1482463,152.9404767,153.860643,153.3401754,156.8443762,172.3892067,187.2139533,202.7344196
5321,105.2058577,94.73319312,95.18089214,100.1670951,102.307573,101.7084442,101.5469779,99.65060443,97.16328463,97.76544012,97.77458978,106.7960478,123.3951289,109.4656724,116.961408,111.7864144,111.1076408,110.3951224,123.1301081,107.8822823,103.0381722,104.6772889,107.9363934,114.9081311,117.9550247,105.9414289,98.75384485,72.44726697,71.05673889,72.61392152,76.05267232,93.62763606,91.95727676,102.5458184,107.9500981,106.8534742,139.1900839,122.1821296,126.708675,129.1785969,131.4041811,129.081619,129.1817763,120.8150402,105.6771168,112.3331655,113.8341297,126.3634202,128.4640112,116.4799391,123.8834831,116.5876381,127.6893041,124.116931,127.8229024,124.0016731,114.3795977,118.0433767,123.8128603,123.6514915,154.8256888,153.5878164,159.7362815,154.4984889,157.2354055,153.353521,142.5725594,145.3639335,135.5788031,140.6531121,145.0641379,157.2377807,158.6282266,175.926025
5324,138.837026,116.7498996,119.0651285,109.1108092,90.46849004,83.30459606,87.02625992,94.27600114,96.09769444,95.89860508,84.38087405,84.78461593,118.6142065,115.7323696,87.17166563,85.48807738,86.41439446,114.2861979,111.1086507,100.7903557,109.3325098,88.85720089,83.83836452,103.2752482,108.300812,113.2125433,117.3485657,88.26710941,80.7012603,65.02931532,70.69932374,75.10744569,75.64831802,54.89496174,63.45972101,67.49377881,110.9279143,124.2645435,104.3974551,93.21888147,69.17631129,67.93221811,94.77225434,89.00704537,84.44863711,71.72951706,57.6186298,52.72935281,64.55482758,51.27774113,54.92042859,55.51624381,56.87417924,60.45816471,61.04830384,61.05365454,60.58255439,63.28202798,60.54898029,63.38477535,61.23401069,53.76550536,56.87643731,62.91053346,65.07891382,66.84064484,63.63596611,59.36757672,63.78013278,65.87014851,70.91354497,63.04996336,59.74905777,54.87941822
54,84.26502696,85.81740857,90.48394417,90.61691122,100.3471088,101.3343798,96.5609495,102.9392187,95.29229353,110.1421469,113.3730836,128.8275282,82.53825136,87.02092569,96.1715548,91.38540711,97.64869939,95.75174574,96.7067989,98.49449715,94.66702245,100.6222071,109.1469173,121.9188116,79.5152383,80.09813706,86.12408412,82.85733344,75.27561875,78.70194619,82.51963779,92.7582972,82.56091553,90.59818578,92.9741759,109.091661,72.19880278,75.2962074,81.94353424,79.0945421,83.36967955,86.23675488,86.29515434,90.9622236,87.67486192,85.36252019,89.95999309,113.2247151,61.9573324,67.97997089,80.38653605,75.65436298,81.00839188,80.61735305,83.18268089,88.58745629,82.16429931,92.32136181,103.1043256,117.4777973,75.7906555,79.50634447,89.5611139,81.48080341,91.08685722,95.45166951,91.28963276,96.72061735,87.07158442,95.52845169,101.8266096,128.5513162,80.1273264,88.13024238
5411,82.82702062,80.67912467,88.08803013,92.24761166,100.3545427,105.9816081,96.28062518,99.43287083,100.1288556,103.5652441,109.7148511,140.6996153,97.7077156,88.98450339,107.9446807,98.87448647,105.9882864,103.0811594,107.4767166,96.88992646,101.2444136,105.9343833,107.0595143,151.6810502,92.27948205,88.14206588,94.54920783,87.15447066,76.96186666,90.07213389,97.17158432,84.03800224,90.85865168,107.9391413,95.01363094,122.9787634,97.71048925,87.51847125,96.30440064,94.55701543,90.71180781,107.0358575,107.2686961,101.938162,105.7256034,103.1765829,103.0149178,158.0942513,90.32634701,96.88788355,117.205494,102.09801,112.1010976,146.3796952,120.1434317,113.6053461,105.2801086,118.8772013,146.0700262,179.6859047,89.27251111,89.4935266,127.5718986,99.92517235,116.3443106,121.607214,108.8504202,114.1354257,109.4813719,112.0907568,134.4979811,161.3437227,99.36906605,113.9285068
5412,91.10570768,100.1421934,105.2188457,108.2581647,101.1743078,108.8927859,81.62535173,88.86973302,89.4059702,98.45922034,113.7756496,113.0720699,87.48016337,90.86307454,97.71243044,98.31599519,94.20837613,97.76856305,91.74782516,87.33972966,88.63701046,97.30594663,111.7169424,122.2773623,92.63176723,88.18829609,93.23801251,93.4288835,96.77059967,86.72134871,85.20903205,79.96145854,79.74150984,85.61953695,88.44562345,114.3336181,77.59183408,88.44259399,94.33928918,87.44963105,93.28161947,88.52388354,78.07256488,75.58128867,75.07563843,79.21669637,92.15492951,104.3564903,79.36853776,95.48951422,103.9292019,92.22958764,102.9956315,93.56589466,92.97219317,93.59501465,90.75329227,95.42825165,118.229935,135.3929781,91.58128444,104.258222,105.2641546,90.16734788,108.798699,105.5457921,89.2564203,97.03800082,88.35474198,99.61735054,111.4064731,127.1874012,115.0252715,119.4524137
5413,100.3101229,88.37811827,89.33763542,88.24921778,94.60280682,102.7755429,94.55106437,93.04680976,98.48526079,103.5765398,120.8378393,125.8490419,80.76923953,91.53871303,111.1341072,99.10241881,98.77303978,99.8583912,104.3152465,99.30870538,113.5603519,102.5122779,124.5675234,120.2726788,78.28272993,86.23224327,94.36529045,113.0910079,84.67875804,99.5269291,95.98316028,102.8973888,89.07673474,93.37268561,97.6016808,102.5106088,70.43999236,78.52509118,76.94801915,79.03823749,76.22296135,80.1968333,86.48458083,90.49645147,91.41129542,79.61066442,95.35282359,116.0836742,57.30782035,55.51865393,67.11976369,80.22392011,70.04161667,68.63207827,71.69106756,81.76712167,74.74665407,87.95527665,85.60258665,90.68198373,65.27937436,60.97352673,75.75009391,69.393666,75.90153852,78.56496104,79.45013656,77.42272506,73.24753415,75.75157376,82.19030993,114.1281985,72.62250571,76.07397314
5415,76.64877099,92.77366961,99.46616326,87.35912946,111.5286526,96.60369631,98.74973822,96.56552529,93.35400654,112.7976903,113.8613743,120.2915831,84.68411293,95.30572854,99.11631761,91.73196451,118.4894921,98.3036651,101.8100612,98.71368351,103.8663892,92.58413498,124.3470883,106.9284559,84.97846734,86.84192839,78.97656884,83.92889281,93.26083378,89.12970879,83.58357791,90.80007147,93.35188591,87.68453359,102.3599848,104.6957411,65.96338896,68.81145056,68.69285226,66.47530613,77.54416511,84.36892595,77.88201318,77.9628345,95.95296654,87.04974581,92.36066927,107.1479129,80.79035366,83.52266504,83.26976435,87.09444665,99.60292416,84.07215938,87.19969705,92.57897501,88.43856189,96.93586015,113.664408,117.8098086,94.89688581,95.93708954,98.3545992,106.0330271,113.0481727,110.830479,117.9891746,108.4837056,100.2240839,104.430416,123.7401129,140.892134,89.45483326,105.2340771
5416,85.37963369,81.48703444,84.2182212,86.12500244,95.09082042,92.63361504,102.0401214,126.2967566,89.06765692,121.2868036,108.8152365,127.5590977,83.93291869,82.01584885,86.9207474,82.81025974,87.94910648,86.51613191,88.48737937,107.2430699,78.01701901,105.9720945,89.02022511,106.7637456,74.67336755,67.26628699,81.28340427,61.22630183,57.7007662,59.8190247,72.44245599,119.2333779,77.65757285,89.66982798,86.29087971,107.2489941,65.93232829,65.19181925,81.42019469,76.43124222,79.25410035,81.84426258,82.53068737,92.59795702,75.36026902,77.16086008,67.64276507,80.52894427,31.30144835,34.08410399,54.19651359,34.96588056,40.89963458,41.64236531,45.85254054,61.70218625,49.63510278,62.9888277,58.71057093,68.89550267,46.6574024,56.43910253,57.56059523,49.85093817,55.30872163,59.11893449,58.37553986,76.87806183,57.61334034,71.936558,63.57636076,89.3852715,44.16596057,48.49981742
5418,70.22925945,78.06566758,79.68410878,83.67979627,103.6700539,103.0323986,95.47119504,101.0758711,99.27140386,116.3851525,115.5259593,153.9091336,67.40147322,80.15671497,76.63164998,84.73489582,90.24133221,95.98258709,95.40113635,97.75894034,89.10355256,100.1501215,107.4892806,142.5424866,66.70597317,71.01270488,72.07689875,65.73974664,56.60972721,58.52618648,72.55224518,60.3882286,65.99551546,81.81454928,93.62749653,112.687755,63.8274454,71.85827833,82.02968581,77.42434366,92.24040772,86.62984687,97.3955068,112.1000195,91.12136702,94.19178278,100.6520523,136.1947722,52.26969351,71.12674315,75.04502001,89.89381129,96.03568089,84.80883594,112.2936047,114.9937296,113.9999419,114.8908204,142.2966506,165.7411885,89.65870938,89.37695661,103.8712924,98.49831493,109.9591601,131.3940155,122.7503952,126.5801599,122.3163128,138.4083247,131.7381637,188.5413685,88.09208691,100.320103
5419,68.12056201,73.2640693,90.15958687,95.63241137,101.7627518,115.0704016,108.8843697,93.96092554,110.9588889,104.1337948,111.8491821,126.203056,63.62727974,74.33854861,92.5051593,85.46090241,85.39961393,95.05003971,86.36245464,88.99936613,94.40785148,91.134992,109.8554597,124.8514004,59.05524785,80.56074687,93.76379863,81.70892783,59.995298,66.66813781,65.20504976,68.33772333,76.65599747,85.29619458,87.41973953,100.1437363,70.00184198,76.41880416,75.7382779,75.39757751,82.24740767,77.7412159,75.97277969,89.10300033,89.07608524,90.45870255,106.5882451,135.3677201,73.89994297,76.98375057,100.3629144,81.37094948,88.17036702,92.46041264,104.5970243,94.73802577,93.03081063,107.63633,111.3818272,132.3329949,87.57892139,92.04990869,97.34750625,93.16989652,98.26505282,108.587338,99.71909774,109.566306,97.19416098,101.5351726,113.1382358,119.9274453,93.93308501,96.50349406
56,91.21394631,91.05689,98.37086396,96.14173397,100.0935661,100.3418744,99.21044768,101.6021604,99.42475684,100.0517416,105.0899796,117.4020389,97.60532062,97.33899827,102.9350347,96.97395636,105.1636254,101.3985314,100.4165146,102.7250526,101.676188,105.1949578,108.9614411,116.0766442,99.13552467,97.65287855,101.6642012,85.80453364,87.65306914,86.17686862,88.31156059,89.80588172,93.87664411,93.82163227,96.13679872,109.1883487,89.97881417,90.41903132,105.1605447,94.15020847,95.26617999,94.07626929,77.60266942,62.52079303,56.77815744,55.0409724,58.02578841,64.32741339,46.60947339,48.02064612,52.63126069,49.11259627,53.00677054,52.01776242,50.90374363,51.50858525,49.98976013,51.12873962,53.58330454,57.60316117,47.74423743,46.66034833,50.62638834,46.53705352,47.83013841,49.08340661,46.61458176,51.85358654,50.26485797,53.89169305,56.84052847,57.34003269,46.63823671,47.7963164
5611,90.76533597,91.50669247,95.22049799,96.25707621,99.74136457,101.7390512,101.1966452,100.8292799,101.642416,99.19034357,102.6559501,119.2553468,102.2152993,94.49564221,97.45540158,98.93383137,102.3654686,103.4237511,103.9809971,103.0442916,106.1816499,104.079871,103.0729726,117.4687719,101.6458251,94.95237332,94.17114247,85.60817898,82.35917342,83.88466621,83.82322126,83.28580658,86.70049487,84.87096249,84.4895961,94.58634947,86.79030635,81.74532776,83.80419672,84.7494603,83.75043327,87.83361638,78.36566094,66.47390332,55.24517864,54.34146317,56.80905775,60.98129517,34.96758946,31.60733113,35.77712713,34.37713893,42.80741523,40.58865107,31.80819677,29.98035803,29.93652716,26.47762845,31.61312243,36.70386888,25.82211309,27.9891508,28.47706643,28.22578138,32.20034311,33.22154216,25.93539666,24.69143486,24.15714181,24.54447938,27.568046,31.27965424,22.95105484,25.5652964
5613,88.50907578,91.23022277,102.3201874,94.49791426,98.98546085,98.95935781,97.22529619,99.70020327,98.98183772,99.88197071,104.7619105,124.9465627,94.73511882,99.6239139,109.1621281,98.40393459,108.7705513,101.2575319,102.4041317,105.2832186,103.0725248,110.3939001,112.2534675,121.6366743,105.0110872,107.3864664,116.511727,97.78280883,103.1928965,99.05068791,102.3354216,102.2839631,109.9564344,109.5250505,111.5806437,131.5604974,104.9453184,102.8744553,130.8949304,105.3199864,105.9364226,100.9835039,68.35883182,37.42954686,30.5112273,25.99922601,27.40815489,38.06468053,25.92261639,24.57562929,28.49706814,24.37979101,27.12304531,24.86684713,24.13978237,24.06787498,22.55161464,23.70900407,24.82231667,30.08211894,19.53293647,19.92882268,22.31087866,19.15326446,15.43913933,15.55301666,14.98597535,22.90240223,20.58175717,22.25137557,23.99881467,24.12029597,15.22751112,14.87838947
5614,101.9847287,95.96861698,103.714437,104.5812671,98.16713249,100.1909286,96.33146576,98.70204657,96.6140395,98.67368378,105.9399679,99.13168557,92.89701831,90.81456804,98.32442403,91.45754205,96.49581728,97.40449215,102.0516783,99.73716118,97.32484839,100.3203399,104.0133717,105.6876497,92.26552134,93.20802478,95.06990832,80.09803713,85.98855141,88.29032693,90.05095596,97.993829,96.51944095,96.05807471,101.9466399,98.07878682,92.21994296,96.60351476,103.0788734,96.45408956,100.7794924,100.937258,101.2166472,101.296126,98.27256102,98.75725633,100.7998577,100.8357546,84.65277992,95.25761946,101.6259871,95.32754625,96.55984065,96.71487975,96.78885536,101.4426988,98.87113696,99.54737313,96.57846269,101.4724358,91.99419505,91.27011474,98.27871302,90.80767789,106.5201763,115.3840868,108.9565083,110.0394283,110.9519923,95.87685838,103.1767883,92.55467688,93.71934408,111.5324402
5615,98.31964097,91.96372044,91.85721284,99.16287689,106.1346622,107.7397479,112.0873875,111.6304717,97.79484856,90.93544292,100.5973045,91.77668342,80.32163141,76.69043819,84.63584543,75.57240288,93.39207199,91.17849385,86.56929751,83.99095092,78.73714607,77.22995915,83.92896498,82.00636561,78.30791464,66.98257885,56.1140046,31.71202758,26.17283708,27.77762716,31.90329955,35.40730579,36.43664758,37.52741861,41.38978004,41.32871703,42.33192372,44.79763666,49.37106726,55.93104017,59.5947965,64.25212956,64.48665251,58.33080782,55.51309102,59.75614468,61.28871166,54.06039231,51.0486914,55.05417752,68.04175482,53.21681315,66.77040033,65.91637798,66.54011606,69.49652784,62.95687255,65.38427945,61.2192557,65.01860276,57.39258702,55.73013347,63.2850287,60.32160859,67.17371533,70.56123858,68.12857645,75.45504203,72.49453789,66.06136543,67.8381792,66.04114248,59.78083711,58.13539759
5616,93.24587314,92.60664286,93.7695552,97.88799647,99.13319688,98.99498002,98.81794773,102.4587647,101.4702919,98.5696181,105.9175658,117.1275671,99.81006911,100.172156,98.58573999,101.6569644,104.9957847,104.2410012,106.0235949,111.4143992,114.013793,112.8232415,126.017468,127.614352,106.6824662,101.757849,106.7522454,102.3185343,96.70131309,95.62766971,96.17065478,101.1068005,101.5963738,102.499195,107.7361912,123.7857552,93.34029793,99.28628387,106.1549243,106.6071347,107.142877,107.9768629,104.5463084,107.3047033,105.7456057,110.2977702,111.1697211,124.1906408,102.3840114,112.3472064,113.9601776,115.1452697,115.3780556,119.7359106,121.1189913,122.2446159,121.2483939,125.0374396,132.4654281,130.8491613,128.8930444,112.8650315,124.9225796,116.3407827,117.3787538,119.2164882,120.1333752,125.4856573,117.5836125,146.1764806,161.1978486,157.0352157,131.5074479,130.0489098
5617,91.6833093,90.89408153,100.975943,96.84195833,101.9555153,101.8103943,103.8260761,103.933531,97.95795912,103.7963843,105.1799978,101.1448499,94.33000445,91.82822492,99.83798092,97.32507801,105.5023192,99.46860631,95.44542675,107.303245,109.3371526,108.4904063,115.2599143,109.18905,84.73979449,89.38537711,92.75716261,77.66855594,79.77941016,86.62830847,91.76443357,93.00244241,94.24615911,100.7197562,100.2810576,102.5821084,77.75971625,77.72380858,90.71438266,87.17455565,83.04648171,85.58042657,91.30813515,95.9076557,91.72979238,91.17703937,107.3074842,105.8137203,63.83006296,77.31698258,68.54002452,75.27565076,77.86995837,67.73658358,70.81106568,70.94010413,69.33265828,69.84471963,81.78444382,84.01856857,63.25328435,58.01872708,72.87487862,73.88803046,64.46070245,64.00586712,68.23317682,68.81848204,80.35763949,83.94295466,84.46300476,96.18296378,63.31641429,57.40544927
5619,88.58903922,78.16373186,90.57719813,90.46226601,104.993238,99.21866258,91.17489212,105.5555272,96.15245151,117.7114286,116.5646789,120.8368859,128.646293,119.8937867,111.8445667,99.83058677,113.5467966,106.7287606,70.63096241,82.11421855,75.85789391,86.68887284,94.42477587,99.88689745,64.63034916,63.03499358,63.52880396,38.53399806,39.53958391,33.40441307,29.56890421,33.40284426,32.99937099,33.96153864,35.07141118,45.84458772,27.89249908,43.69047954,45.08402368,45.99484014,56.12673622,51.2108208,45.81880973,56.65189216,59.57420144,52.84548304,66.66178199,65.64268614,38.42702502,41.1846882,44.83954674,45.1554567,46.88811116,48.38034909,48.79406034,52.49684229,52.79071185,60.14966997,64.57332944,72.34695339,52.86926995,60.90268063,59.68677553,48.1580553,59.58177685,53.28761653,47.73546659,55.401539,64.23706811,71.98477454,56.83200995,69.7002239,58.45778443,58.66911024
562,88.44865703,88.91109377,93.03835631,95.22804799,102.7910908,101.884555,104.8694962,105.3191816,100.9790693,102.5747157,108.90253,107.0532063,99.76721569,96.41184875,102.8679752,99.42940174,101.6943977,103.5447162,110.2879922,107.2800547,101.0190835,107.1246174,111.9123356,113.5126326,103.739534,102.87404,102.7522549,69.03506385,89.27854939,90.79945795,100.0049569,98.906933,99.94007726,102.2103462,105.697162,106.7143726,99.74603492,106.7909487,106.4100049,107.9666906,108.0467725,107.5614178,110.4479769,111.0483935,108.7169294,105.1173016,116.0198319,109.4703313,83.40494705,77.23896804,98.81741097,86.27688118,84.43505109,88.58347592,104.1908657,107.701965,105.4594126,111.044264,110.1879252,107.1655918,102.2108938,110.5840473,108.4572821,99.64206394,105.5656488,114.8036196,107.8889163,118.425822,113.5313014,118.8648288,115.3285751,118.8716707,115.0858169,116.8647246
61,107.5683912,104.012888,102.9310302,102.2975719,104.9375372,89.96978332,71.16665812,105.0056978,106.6018777,107.2145286,104.0312722,94.26276377,101.8107681,94.50838013,94.25803391,86.36296948,91.95691071,76.93727369,65.04260905,91.9605826,94.9471636,93.70570078,92.12701881,87.28844745,91.07869464,88.38182284,84.55012389,73.61611501,71.58811079,66.73340771,53.27043614,78.46996565,78.08300493,75.16507236,75.0369769,75.69978561,67.13254509,68.95351044,70.56311134,67.67329523,69.36495195,64.09065116,49.85178375,74.26913656,75.64708453,73.25735194,75.687404,73.26616932,77.44744094,78.11609957,77.90991549,70.88524748,77.4043245,72.47942453,58.94745984,84.5747642,84.70188962,77.82794786,79.65806938,77.21083055,84.00934097,79.65373445,83.49165762,71.20520797,82.13658014,75.76684511,62.52166258,87.94004932,82.48782708,81.67060735,87.65089338,88.49923421,91.44114097,88.62992071
6111,104.5543677,105.0492339,108.2968466,106.3828239,107.5801553,103.5999889,69.61405932,86.21744289,107.6385092,100.1608826,99.64906655,101.2566232,84.00670927,81.62386102,83.32957625,77.75483894,82.23233009,77.41597148,51.78305409,63.45744167,86.47687525,75.21209394,76.67348905,81.92140458,81.26964486,80.1755813,78.84311076,60.76663245,63.76253547,64.42405698,42.36638746,51.89901386,65.33959783,59.61795557,59.58879603,63.6259487,61.4814272,63.23331468,64.14651417,62.01317243,64.95920176,62.6579001,39.67641381,55.25367253,70.22892801,64.86363752,66.57048905,67.68479977,72.95326051,70.42500066,72.82399508,65.06845082,74.601705,74.47504813,52.82542436,69.03368586,82.21625727,71.36975312,73.9070723,76.20237521,81.73398886,77.78393997,80.64736117,69.86411127,79.6397802,78.86609875,56.30971735,68.96394969,80.42216482,73.18666275,81.37408746,83.08375575,84.75104382,81.36616593
6113,111.8838208,103.8669898,98.81395783,99.2680438,103.0695432,75.79390881,68.8274048,122.9438988,106.1613365,114.5113904,108.0404422,86.81926295,120.5148153,106.767659,103.9068307,94.58589197,100.204074,73.56882411,72.93547369,118.0226046,103.0635547,110.6047307,106.0402049,91.29748617,101.4618067,97.00840451,91.70253236,90.01285311,83.25755314,72.55679513,64.29062011,107.1762567,93.9177423,93.16587082,92.38839162,90.43279254,75.88870501,77.60656597,79.32840381,74.94600157,75.68257746,66.61316194,58.89587401,94.71343734,83.19876803,83.22255731,86.85947399,80.15922157,84.57480379,87.2349546,84.17676503,77.51189306,80.41359117,70.62427322,62.9046279,100.7412831,88.11284621,83.63136986,85.53828948,78.21172791,87.32481192,81.34383098,86.3186744,72.71767412,84.44476038,72.17623851,65.46790254,106.6118197,84.31985692,88.72274429,93.8024639,94.71144844,98.31327262,95.37371127
6116,95.65805671,97.39907877,95.59475062,95.87170369,100.0467786,101.0917427,101.5486104,102.4994283,102.3443175,101.7724162,104.8455872,101.3275293,85.78444429,93.1281772,99.08527642,85.18060667,98.96361106,100.3047587,101.4282737,97.37548112,93.58248817,97.30478377,96.79848107,95.49866393,81.62299843,80.95080925,70.15278501,38.85560971,36.94299545,37.46183645,46.93748404,48.21126171,47.02440011,47.82101461,52.14786315,48.43209379,39.47869128,42.64361424,48.58391493,51.96097755,51.87862068,54.65796767,53.8645309,53.40948513,55.88491337,56.51934901,54.71966308,60.00135989,54.14377273,62.87675815,65.93720351,61.52057378,74.36146443,72.343959,73.24187684,71.86738261,76.06364408,79.86862231,75.773896,76.77159795,74.5564536,80.16552502,82.22050969,69.16896037,82.409077,81.23555296,85.58289791,80.97258369,83.33426206,88.92701965,85.54290805,79.43838986,86.66889147,89.19236895
62,99.81266655,95.19991171,99.2862786,96.52463366,100.7588925,98.39081264,100.1491675,105.4760318,98.9308379,102.1930044,105.3766593,97.90110341,106.3608352,103.3314845,106.6270159,104.3106014,106.1003825,100.3649827,106.6230083,101.551484,103.9479822,105.6365529,102.23457,108.5525031,107.5318724,103.1160055,96.57008858,65.48861999,73.33388244,85.71567267,98.75005624,99.20135621,104.7639703,108.6174644,110.7557636,115.6448222,110.3152837,106.0671894,109.5815134,103.483931,107.1218463,108.4574373,115.3106727,119.5016387,115.2248299,107.2815046,104.9378052,103.7455791,100.7083624,94.69641468,105.5313985,96.92884257,103.6461048,100.9763602,101.5245266,103.585796,98.42302691,100.2044688,102.7732736,103.8145179,101.2642316,97.72709359,110.0237904,95.15220105,102.1384793,104.2462823,103.3605323,104.1932612,98.75062289,105.1040452,101.7861287,105.300115,103.6473982,105.8706898
6211,109.7323721,99.36636989,95.79793759,94.74080206,99.26280187,94.45554765,97.38762214,113.1397561,99.12625821,99.36154567,115.0001691,82.62881755,126.6072635,118.7550057,114.1521165,126.6378547,121.8933037,105.6602812,132.4202812,105.9267332,128.9196565,120.1452398,104.0611444,130.6008345,105.2558504,102.0803343,89.83300077,50.92438408,58.77798898,67.34554177,74.72530675,86.36449095,89.4871796,89.74803358,92.23262063,90.05099077,80.98018339,81.78798043,77.1296924,77.81496286,92.3342905,90.5509052,96.62133917,93.73928081,95.65002711,92.52379701,97.73311721,102.0859818,80.71950964,69.56986226,88.19833951,77.65090286,83.79137131,83.58816816,88.36392471,91.26417747,88.3508094,82.60740009,89.83959841,81.75101715,79.87525308,77.09101772,84.69337397,69.78898369,70.24301358,72.60479227,73.73261188,77.06418857,72.5456774,70.37298087,74.41843414,77.52842936,73.36790821,80.82325795
6212,99.19177251,95.04305981,95.91025477,100.565772,101.8478519,99.8801565,102.6923561,106.4014263,98.32236615,99.68815029,97.18434005,103.2724936,103.9490645,95.62738075,97.81030686,96.7350716,97.15391676,93.17002518,96.2686249,93.51158637,87.89060215,87.84734893,94.23733449,93.97277847,99.01228557,90.1163217,78.32613324,36.29303339,35.86707784,44.01638996,53.60754936,62.50030817,65.09883025,68.43881406,80.49478913,81.4009965,81.59432885,79.83696207,84.15374957,83.53777942,84.88624958,85.66585106,85.41435473,87.52166609,83.43019994,88.88783988,97.32702221,96.04095256,91.24487394,88.40485201,96.45456607,85.17138604,103.293106,97.58874552,85.55230218,91.54558826,83.35694016,86.39681155,86.04756601,94.571674,86.06163886,86.94046944,95.9493874,83.16000586,78.87585843,93.39736675,84.54873204,87.65828044,82.34097299,80.45735812,81.94959949,86.05466533,83.51398678,92.96208255
6213,97.93925226,97.05088003,102.7446525,99.33636903,109.8803261,103.3391886,103.2925616,109.0672216,98.81943778,97.75565583,91.94377503,88.83067969,89.66729398,83.51291451,89.80286981,86.74672426,92.08830797,86.03180718,89.28594375,83.97193474,83.32282554,85.55139887,88.30699134,91.09219915,74.60575758,72.5075492,70.30721027,46.91995361,45.99621344,53.36218127,56.96863816,55.71931398,63.1350819,71.72917078,72.29432096,72.85158071,68.12636768,67.5526996,73.37302566,71.93553829,85.62526297,76.23137448,72.29301232,75.82396837,74.95980726,81.70093421,91.96635463,72.61522126,71.31257079,71.58975767,78.04118787,71.56146711,76.559796,74.95289177,78.14321359,74.02867182,75.26397736,82.35920107,81.26234917,73.25217882,75.2440263,75.20775728,80.91742428,70.28592816,66.34128251,76.5230476,71.99448307,79.74936538,78.73197347,77.50196747,77.36011856,74.41843195,77.34224784,80.63093283
6214,109.2051381,99.53670515,95.18704699,92.76998833,99.17608735,94.67420821,97.80200955,114.0779572,99.83415405,99.62625744,116.1087383,82.00170929,107.6495939,99.77947458,96.21229869,106.598685,102.422136,89.66910644,111.7761854,88.91675596,108.5169153,100.5966007,87.22791358,109.2737869,88.689698,85.4569733,75.20072819,41.50164119,47.74064525,55.21455838,62.11731929,72.16161692,75.06478299,75.68148825,77.89198048,74.95405189,67.51916104,67.94281518,64.54070493,64.65369453,76.78159021,75.83427621,80.93366664,78.39338728,78.93934999,77.41073131,84.37175781,88.24032643,70.43058886,58.22398632,73.64674151,77.40228671,85.99525172,88.32455618,88.57270341,90.56544626,78.9779974,83.4005473,88.66477219,88.62457567,78.68979225,78.2625911,84.22713446,72.2043454,80.85795167,78.79918093,76.8680051,80.87334248,79.17976743,85.51266511,87.02477853,94.37646961,83.37546504,81.53894074
6215,94.96020535,90.35345738,95.82093689,95.83736119,103.326922,102.3501883,103.7717608,106.2100551,102.4472263,105.0373854,104.2785381,95.60596324,100.9577733,107.2550705,117.476549,100.9470585,108.0058023,104.7671595,104.0114808,103.1810226,101.6589299,107.1469877,104.138292,97.03092509,106.1391408,106.262074,105.5774482,88.73165251,105.5219434,129.5180639,137.7209921,132.4068654,136.4273499,139.8827973,130.156496,134.0077241,143.9670109,125.1084297,128.7145542,122.0808626,120.3054503,123.3398288,132.0562607,133.9614799,139.8108951,96.23096816,84.38192842,82.34943293,92.00118849,77.93818131,87.14988209,72.46090818,78.06101055,82.47196282,86.48304252,81.09035421,76.79389367,78.92135771,78.21178533,77.18650173,78.02070028,75.98643928,84.62922873,74.20030616,84.95291067,76.5966213,79.00787583,75.41483301,69.29775012,82.34001003,80.26963235,72.78740236,79.63023438,85.25765962
6221,97.80834269,94.88048751,101.3812373,96.47451166,99.76511728,97.90277771,98.88102054,101.3912521,97.23255016,103.4280562,106.8379367,104.0167101,104.058792,102.7171314,106.2974519,102.6151985,105.1404541,102.1628171,104.0287746,105.182204,102.711181,109.0465045,107.5890316,112.9442493,117.1830528,112.4466386,106.1777287,72.0546171,80.03919117,93.93581355,113.119928,107.7033817,116.6937311,123.2586011,127.891509,137.1882334,123.4959771,121.7758016,130.2210724,118.210063,119.7046047,123.3820851,133.1318758,140.8119828,128.4197556,125.8645696,118.7200413,117.2922497,115.5920778,113.9917173,124.218342,116.7403443,122.3623816,114.855406,115.7126686,119.4891285,112.5504747,116.503856,118.7075778,123.1048895,120.2246052,116.1621031,134.2878318,112.0307683,125.4756486,128.8786891,128.683997,127.3401419,120.4136852,134.8749923,122.0857478,130.8904395,127.2060646,126.0618467
6223,97.39842349,90.73438798,102.8890415,92.74347782,95.06823313,95.85477231,103.6071656,106.9196413,98.49466562,106.8954319,102.6883351,106.7064242,105.2006622,96.43101828,103.4126557,101.5756498,102.3231393,100.1386318,108.1603062,104.7658207,101.8525946,105.5705278,99.88090127,102.6556916,112.1676848,101.5454594,98.07379079,73.22823681,83.4163557,92.33456065,117.6726479,121.8780269,122.0553672,124.2696011,124.6077956,133.9908733,140.0906667,130.3874309,126.1404255,123.2150456,119.9353734,124.3778945,137.7345927,148.8804666,142.450337,133.2201409,126.4112014,126.1755616,133.9099316,122.5850505,132.7138828,125.2854545,128.2218898,128.9510292,129.5761308,134.8076901,131.4328571,133.009732,139.3582414,142.5972414,142.7214778,123.4068192,139.8763948,137.82176,137.890492,137.8088489,135.4986913,142.1158538,139.6900942,129.1716892,144.5132247,146.3710547,145.1590102,137.2021655
6244,101.281624,102.9868938,104.7852215,101.8141269,103.5831639,100.5167548,94.41726786,97.774366,103.4181056,96.1968525,95.63857154,97.58705159,103.5274813,100.592191,102.626028,97.44647129,102.4878698,94.58372409,90.03032889,93.18124834,101.6405388,91.45755624,93.1192151,98.80762443,100.0943235,96.94543926,92.29378879,75.35060583,79.3815801,77.85947858,73.78732633,76.27413363,80.84070612,74.50852626,74.25246949,80.06832961,78.72156428,79.41444516,80.2362898,76.87938684,79.80477807,75.65863167,72.88797758,76.24450497,85.38150662,80.05578459,86.76896087,88.61052316,87.7020653,85.4855399,90.4059044,91.35804723,93.52547654,98.38246285,97.09099658,98.62459766,100.1329063,95.57898377,99.42178833,98.43768119,94.79558542,98.90188109,100.4014921,102.4765768,112.3000256,104.3725848,106.2010136,106.4963407,99.62427644,98.12636262,98.8667481,99.70901227,99.10644834,104.6637675
71,105.3767675,94.34013211,101.8366575,95.32213687,95.239316,102.34639,107.2907137,102.0858636,95.35934108,98.18355063,99.21460509,103.4045258,100.2679716,84.34845516,87.80232801,90.10895513,88.65025132,87.48056502,90.36258792,91.32191047,83.48212191,84.25139037,88.12134049,90.17102506,85.83333781,79.47111743,63.19099758,24.74541429,19.8677743,20.05794108,29.63703782,41.89039904,40.39037387,46.77908323,46.19409769,50.51119007,44.30667022,41.72833457,48.36638091,51.80196726,53.88442497,53.66351897,59.67083274,59.59556031,59.60706106,66.82382726,65.88590823,68.44380668,65.76098646,67.43720725,76.62087084,67.01823443,67.79689418,65.83608481,81.20920274,73.71231235,72.33170493,79.193558,75.89844367,85.62190555,84.11518899,72.98354075,77.40657461,78.07096395,80.16387623,79.08773057,84.14860104,78.40959568,78.38767408,81.31540211,80.30199937,96.44099157,90.42383377,85.90735746
7112,95.3434348,94.3385564,88.61057774,86.3964058,114.0685781,82.75192034,112.1439678,115.1448802,92.51078187,102.5373516,111.0622653,105.09128,158.8922522,92.70719763,94.50122566,99.16888044,108.0246442,95.73720819,94.96816377,111.8440921,96.63244253,95.0330983,108.4788038,84.69380168,96.85382555,91.34108818,78.97629634,37.51503238,19.4257891,19.66616763,54.52532314,81.51911038,70.92796646,74.10623551,66.35694488,71.67638271,63.88336333,53.48332364,59.52764633,69.44003587,54.07701998,53.09536231,71.59140645,76.0349758,72.84595035,88.23716635,84.31939763,73.6058807,90.71522273,83.56433504,74.85223531,87.50754983,75.33972082,61.73708199,106.2283201,92.26222262,90.69468445,108.413129,81.071576,91.64129391,109.9113354,68.80572924,65.77229552,72.9350179,82.37705469,73.34033054,101.7259998,83.74966332,82.34726687,85.69940824,73.30317836,105.9689481,108.6537862,83.38015947
7113,84.32995587,83.68016843,131.2850399,104.9365278,86.78950527,136.2410238,89.73778137,85.27869434,92.07528399,97.81731973,95.71432239,112.1143771,93.295921,80.94241195,104.3169052,93.83696254,89.25251931,81.64984709,77.40591734,76.98558398,92.89278345,86.60179527,112.6809001,110.2216047,81.68159424,81.74807972,86.13098349,58.8260627,44.79753992,45.33490963,47.34379483,41.11065745,45.54850646,57.80621885,60.64266528,72.13009786,68.23820898,59.12687808,64.26434981,64.61752143,69.12906292,66.12520269,65.76981673,64.95237581,66.2114766,87.43445647,76.89182941,89.31356093,72.22944001,88.99221584,120.4574583,100.9207931,153.6204243,106.8628309,121.8638174,98.24180827,114.5431719,141.4751735,144.7994003,171.9860401,87.68376688,107.2446743,125.512995,106.2099656,143.3742239,125.4450525,113.1296821,96.98048996,132.2915479,140.9187339,142.705982,204.8775606,104.0275476,107.9583756
7121,88.47519427,83.86017587,106.9506748,131.2676851,92.97218623,115.1884839,144.1506101,116.5936492,64.35568225,71.07038489,78.17579256,106.9394808,82.01751884,75.25239279,90.27053927,115.0510784,89.44339362,95.40103637,136.5624726,111.4374302,61.02170583,67.4119406,76.07907674,104.2819539,90.54098301,78.11716869,51.72137616,7.78277357,5.23883617,8.58669436,12.95473141,22.66176111,23.94185488,28.98013305,33.94788298,42.45280951,31.95525817,27.7303313,51.66723097,62.93226096,59.1475073,70.4294521,94.20758178,81.60047985,51.87950811,63.67587596,65.18968799,86.13135618,66.23956729,59.77238159,82.6245202,103.7086728,80.04251894,82.13477639,99.66525716,100.0049889,64.5261412,67.08710754,75.52420457,95.42900469,82.84939885,67.25578924,83.4603609,108.9519195,72.20868503,75.85162855,94.58992542,92.38659406,59.04544846,63.51213447,66.61559187,83.36539714,70.4297713,65.64541564
7131,77.70952222,73.09337044,92.59788464,87.76399645,86.86349925,96.14406555,135.2888711,117.4202301,111.4207008,109.8899862,109.1728046,102.6350687,88.76141577,68.03604795,75.42911241,87.96684332,78.98903688,83.0664332,85.91429816,96.17777578,70.14787466,68.78659145,74.56282764,83.5127817,73.63095314,69.94762134,53.01565017,12.04126526,10.19591298,9.71029586,10.40013221,71.65926651,33.31157341,35.61013608,37.79312933,54.0924844,48.54052444,44.34137394,49.28574627,53.43420927,70.69845477,71.4896011,73.38235744,86.96601356,93.63052101,100.9265136,84.19935889,87.38406084,87.0170286,68.89884355,82.63255636,80.38483694,80.02427315,78.37028118,118.9719394,104.962133,97.95354932,102.5065115,104.2428122,116.2677624,112.3335026,99.1159578,103.6446366,107.5187227,101.9939752,87.97501094,102.4008428,104.7998741,80.70691,81.91346518,82.10401564,105.9101601,86.59112058,87.36864504
7132,111.6670565,96.82377663,108.0707771,95.93589476,88.87515513,106.3465143,97.63746288,94.62501781,98.9943381,96.87058922,96.86177479,107.2916427,80.9504934,77.75316412,82.44164268,79.7600637,81.08171818,79.32583441,80.12038488,80.70560563,73.19543319,75.29248783,75.27433375,78.38627228,71.87190514,67.41711587,44.9057729,11.56128012,12.33779671,11.61044095,18.65944303,23.62709193,29.15336022,38.50551418,38.10110875,37.84324599,25.81412905,25.29805364,37.06155563,41.14653697,46.57230853,45.04127833,44.09770959,42.40090047,44.75425882,46.01549496,47.44646756,49.56450751,51.93938446,80.04592003,99.07242181,66.7603295,68.7292107,76.07630554,75.23718378,77.57834485,77.50264962,80.5330653,82.7049799,90.50459744,81.38856484,82.3065773,88.03607796,88.06946586,100.269878,100.3148268,95.68247335,96.45365446,97.66733141,104.4526496,103.5646744,117.081568,109.760786,116.1751308
7139,120.9194405,103.714358,98.0010714,94.80161468,98.68109942,100.55689,102.998226,99.57007449,91.47848809,96.73461286,95.97770494,96.5664195,102.1786361,95.72092337,91.3152098,93.4514119,91.26103801,94.11278176,97.20634203,91.50551855,94.4293818,96.46910502,93.92453538,101.3485218,100.3620198,90.03302058,75.67608963,32.64600214,28.33396321,29.220807,35.73390386,34.05418348,42.09344393,47.3830788,47.30859331,49.1719087,49.57876387,50.64806075,50.8768117,50.02253873,50.90019842,51.03868506,59.17703695,55.2575245,55.42467921,61.50039251,67.31772473,71.5419416,59.08983352,42.87492188,41.58913176,40.63137706,38.73116459,41.23772289,50.21853642,40.33834953,40.700714,43.82885381,40.81341627,46.17276848,63.65759767,48.47673714,50.35375122,48.38476246,37.35506164,46.72098024,49.48828332,41.09867617,46.76072042,44.73378187,47.13756996,45.63897142,63.32025625,53.02851408
72,100.8845646,96.71689318,104.5281119,100.2213139,99.86310612,98.35336724,104.7897779,98.50319038,90.60401163,95.12947334,99.33532018,111.0708695,100.4067139,97.85526321,104.5090604,101.3653519,101.5334716,100.9505576,105.5351318,99.95530507,90.68461489,96.46596659,102.5929508,115.7334093,100.3174365,95.00455202,76.57433086,38.75162077,37.65707262,38.51394193,48.08693205,50.0615628,54.21731072,59.4977951,67.89128167,72.1405699,64.83313429,63.44014057,76.05627203,78.22108017,81.74035928,85.58051467,91.38362723,83.51703072,77.73424789,85.35157718,89.76497047,99.6614463,88.33272903,89.44816658,107.5801326,101.8099137,100.3668166,96.66050564,106.1855372,95.95396016,89.48123372,99.96480455,100.2638984,112.929773,93.13276413,92.38088655,100.1888557,99.55813916,101.6341224,99.67574087,106.5346673,96.18692618,91.6600772,94.5367413,99.80348154,115.4101266,90.61643814,94.54685129
7211,106.7576853,105.0129217,116.4311064,104.7697044,96.08000239,96.77901841,106.7967778,92.93592671,78.78795633,88.74977904,97.66180344,109.2373181,100.7790732,101.424124,112.3229177,102.6782749,95.81459498,93.41822635,102.8916034,90.76665261,74.78491621,87.61450846,97.00451569,111.0884357,96.05670645,99.28021648,71.74338078,13.478126,9.93658572,14.55683629,30.90763512,37.09653647,39.20280977,50.41541038,55.09683869,65.22462054,51.86774274,47.13908032,66.82806997,69.41954025,75.16091296,84.38780378,94.39683626,76.3480202,63.7252206,78.2278208,94.24130917,106.8445504,81.72851468,82.66565237,112.7795667,100.806661,99.78049272,98.47266771,112.5304277,95.84975465,84.02244956,102.6899875,106.7871259,115.5971782,93.09272005,92.00292924,104.5607277,102.2532176,97.42799567,110.7358667,110.8534427,93.36813984,80.43002576,89.92051377,98.40027322,111.4840162,99.09787575,104.1182815
7224,99.98747043,97.9207695,103.4308102,99.95005156,101.3446159,101.5238409,103.4695015,101.9673069,92.8221654,96.73997026,94.92116905,105.9223284,97.40516838,93.92820924,104.1882912,96.12501366,102.5727891,95.56768977,95.97454834,96.25966083,93.57349918,95.61244957,96.70066138,105.5434512,92.89098758,92.92638853,72.13933432,13.11118328,13.12532194,14.64485754,20.12002249,22.13161431,26.35621095,32.43467634,34.61531303,34.11525671,32.02195277,35.14260575,44.29827995,48.56049255,53.6584682,52.96046563,57.26154621,57.64759276,57.46586576,62.68054915,77.76751422,80.82383346,76.19197524,83.31923764,91.169425,93.49767768,88.00587118,93.5637356,92.57246528,90.45909581,86.61248997,97.66917328,98.54286498,104.5740706,89.34839682,91.60297745,88.61022113,88.75681629,81.96198578,83.29174563,90.43135409,84.12265946,81.03491146,84.0910754,85.07571684,90.1245135,75.85215916,69.85261494
7225,97.85651613,92.28987181,98.34750554,97.85059818,101.7588164,98.98747226,103.8164577,101.2151212,96.67105187,98.38014877,100.481193,112.3452472,100.3932168,96.22022518,100.4275119,100.9939116,104.4719467,105.2300614,107.502038,105.0018389,98.85424243,101.1632612,105.8831057,118.7888932,103.0037533,92.88649285,79.37860081,53.57017637,53.69269704,52.53424391,58.79837643,58.55896731,63.78617956,65.90491028,76.62319208,78.07510539,73.62659283,73.71069494,82.82448403,84.63823632,86.89559313,88.18366536,91.87040255,88.84758721,86.31519684,90.46451997,88.14282061,97.03328645,92.53473437,93.37936002,105.8459734,102.8402796,101.4237646,95.89712042,103.6806308,96.34170684,92.52007935,98.67367461,96.94459152,112.0362812,93.38315959,92.62640284,98.59614799,98.79835797,105.0340196,94.86406244,105.2440774,98.39756777,98.19802376,97.59263718,101.4326178,119.0033065,87.05997272,91.02019555
81,98.26902868,102.5660552,95.90005746,112.5234461,109.4371496,93.77763624,91.66324514,103.649266,85.96168844,99.62057456,87.19747137,119.4343811,89.68838217,100.1516121,80.95046481,90.29478676,114.399777,110.5061264,122.430614,118.1435022,112.3906112,139.9425742,134.5066144,185.4303238,82.84351067,83.02129861,98.67621271,85.24143608,95.97622896,96.2523297,100.7049904,105.2127528,108.0740353,116.4460163,126.101702,151.2632311,67.28177675,85.54335382,90.94646904,66.89890315,71.14008214,93.08901845,87.88948781,83.1986197,68.05524248,98.49630831,94.85746417,79.87527743,73.79156933,68.03593883,69.01286857,66.11880006,70.32735945,80.52642413,72.49733048,72.66726676,79.84242149,80.94132188,78.49930543,87.72012156,74.44294185,79.48252965,77.61109154,67.88137751,75.54616997,75.13413567,76.81193784,77.62133947,83.36072479,80.99948554,85.4758414,91.27582833,77.10136006,80.4086344
811,95.85367347,102.0788494,94.02066112,118.4197728,112.3620095,94.75360312,87.10049728,106.3973712,82.77715881,99.31732033,81.56545071,125.3536323,87.51002738,105.4991843,78.40515019,91.39053399,123.640871,118.9762487,130.1818846,125.2756174,119.6965784,156.9631374,149.6777189,215.7622686,77.96198362,82.61189881,110.4693497,102.3843503,117.1296132,115.6437406,118.7117388,124.0571119,126.9434919,138.0868644,152.3589306,186.058865,74.00135855,97.7872412,101.7325043,67.66845187,73.89352935,104.2933466,96.43177605,90.71210714,70.47594162,113.3851052,101.1461449,77.99277369,75.31724126,78.19650781,79.82146581,75.31525217,81.07020483,94.48315332,84.1481194,82.75887551,92.54032938,92.43868386,86.75064212,98.23802789,82.69289494,92.05726931,88.15926136,74.44030064,85.16283138,84.51610715,87.36972891,87.9680087,95.54087621,92.39647242,96.7921751,102.5002192,86.7837399,89.96224592
812,104.5728387,103.8376085,100.8050741,97.13468554,101.803589,91.23047063,103.5715124,96.47701536,94.27295857,100.4120346,101.8964224,103.9857902,95.37364725,86.19504011,87.59345446,87.43500771,90.28154358,88.40004413,102.200655,99.52947014,93.32284481,95.52078675,94.91170957,106.2673025,95.58375639,84.08978681,67.89742955,40.5003261,40.76823557,45.64289194,53.7093685,56.03105965,58.82684066,59.96579605,57.57323928,60.4504749,49.74441146,53.58816193,62.79610992,64.89046612,63.95388946,63.84696133,65.59506031,63.58924849,61.73748547,59.63819508,78.4447031,84.78840402,69.80973435,41.51797757,40.80362523,42.11707719,42.28972119,44.10090457,42.09005999,46.32928406,46.7022863,50.93447872,56.96422928,60.26954933,52.91147673,46.66384991,50.08153494,50.76331359,50.44774729,50.64822777,49.25727086,50.61767715,51.57187673,51.2546103,55.94146206,61.98140955,51.83141958,55.47476496
